"RegionName","SizeRank","2010-02","2010-03","2010-04","2010-05","2010-06","2010-07","2010-08","2010-09","2010-10","2010-11","2010-12","2011-01","2011-02","2011-03","2011-04","2011-05","2011-06","2011-07","2011-08","2011-09","2011-10","2011-11","2011-12","2012-01","2012-02","2012-03","2012-04","2012-05","2012-06","2012-07","2012-08","2012-09","2012-10","2012-11","2012-12","2013-01","2013-02","2013-03","2013-04","2013-05","2013-06","2013-07","2013-08","2013-09","2013-10","2013-11","2013-12","2014-01","2014-02","2014-03","2014-04","2014-05","2014-06","2014-07","2014-08","2014-09","2014-10","2014-11","2014-12","2015-01","2015-02","2015-03","2015-04","2015-05","2015-06","2015-07","2015-08","2015-09","2015-10","2015-11","2015-12","2016-01","2016-02","2016-03","2016-04","2016-05","2016-06","2016-07","2016-08","2016-09","2016-10","2016-11","2016-12","2017-01","2017-02"
"United States",0,,,,,,,,,850,850,850,932,1000,1100,1293,1300,1300,1300,1300,1225,1100,1075,1111,1136,1150,1200,1250,1300,1270,1250,1200,1225,1200,1200,1221,1150,1250,1292,1300,1310,1321,1395,1400,1530,1615,1550,1601,1600,1600,1600,1602,1700,1700,1500,1500,1500,1475,1462,1425,1450,1490,1500,1500,1512,1500,1500,1500,1495,1490,1415,1447,1457,1500,1499,1495,1495,1475,1500,1480,1450,1500,1510,1409,1449,1400
"New York, NY",1,,,,,,,,,,,,,,,,,,,,2150,2150,2225,2200,2225,2295,2350,2395,2400,2400,2400,2425,2450,2495,2495,2500,2475,2550,2500,2550,2600,2600,2525,2554,2600,2625,2550,2550,2500,2545,2550,2550,2595,2575,2200,2150,2150,2150,2150,2100,2100,2125,2150,2200,2250,2200,2100,2195,2152,2101.5,2100,2100,2100,2100,2100,2150,2200,2200,2200,2200,2275,2399,2300,2050,2100,2145
"Los Angeles-Long Beach-Anaheim, CA",2,,1375,1417.5,1415,1450,1500,1520,1375,1300,1350,1350,1252.5,1295,1300,1299,1300,1300,1295,1295,1275,1250,1225,1200,1250,1295,1320,1324.5,1325,1335,1330,1345,1385,1375,1370,1349,1355,1415,1450,1421,1437,1425,1399,1395,1395,1445,1350,1495,1485,1450,1425,1475,1540,1540,1557.5,1595,1625,1675,1680,1695,1695,1714,1702,1700,1720,1725,1735,1750,1750,1759.5,1800,1795,1825,1850,1880,1858,1850,1850,1880,1804,1843,1800,1810,1795,1855,1915
"Chicago, IL",3,,1100,1150,1100,1100,1000,985,1130,1250,1255,1294,1150,1222.5,1225,1250,1269,1341,1299,1257,1291,1250,1225,1295,1300,1235,1195,1150,1200,1268,1255,1250,1300,1380,1325,1375,1352,1495,1400,1449,1472,1500,1513,1525,1500,1480,1517,1595,1550,1456,1430,1400,1400,1429.5,1571,1400,1602,1632,1600,1350,1490,1595,1400,1400,1425,1400,1375,1383,1525,1600,1691,1608,1554,1650,1500,1465,1450,1425,1400,1400,1395,1395,1430,1450,1400,1400
"Dallas-Fort Worth, TX",4,,,,,,,,953,1061,1050,1000,907,845,846,828,825,842.5,850,730,735,699,685,714,738,777,807,775,794,795,785,775,794,797,800,827,930,825.5,848,850,864,880,895,850,960,1021,1055,1049,1025,999,1000,1020,969,991,940,925,923,939,1002.5,1009,1000,980,950,989,990,998,999,1013,1039,1030,1060,1060,1066,1079,1109,1090,1095,1089,1086,1083,1143.5,1083,1095,1050,1135,1139
"Philadelphia, PA",5,,,,,,,990,895,895,912.5,900,971.5,950,950,995,950,975,950,950,975,925,930,925,935,972.5,975,1000,999,995,975,995,975,989,993.5,950,925,950,975,980,1050,1001.5,975,950,950,950,990,975,925,945,950,975,1100,1100,1100,1100,1050,1050,1037,1000,1000,1015,1060,1125,1115,1100,1070.5,1100,1060,1050,1115,1070,1100,1100,1145,1175,1195,1175,1195,1155,1160,1195,1150,1190,1150,1200
"Houston, TX",6,,,,,,,,,,,,,,,,,,,,,,,,,,,,,,,,,,,,,,,,,,,,,,1100,975,1085,1005,994.5,1014,1043.5,1057,1050,1046,1050,1078,1020,1025,1020,1029,1050,1079.5,1099,1100,1100,1100,1110,1120,1240,1220,1240,1175,1200,1175,1165,1134,1115,1100,1113,1071,1012,1060,1100,1132
"Washington, DC",7,1300,1300,1399.5,1350,1395,1400,1365,1400,1400,1400,1412.5,1427,1400,1400,1450,1450,1490,1500,1750,1799.5,1790,1610.5,1635,1655,1694,1740,1745,1765,1795,1780,1710,1708,1705,1695,1720,1725.5,1723,1739.5,1699,1615,1650,1622,1695,1695,1683,1675,1640,1655,1649,1630,1650,1695,1700,1785,1800,1710,1695,1695,1695,1695,1729,1725,1750,1743,1745,1721.5,1730,1729,1715,1695,1695,1700,1722,1727,1730,1700,1720,1725,1680,1659,1646,1650,1650,1721,1750
"Miami-Fort Lauderdale, FL",8,1300,1299,1300,1275,1298,1200,1200,1300,1350,1325,1300,1299,1300,1300,1300,1290,1275,1250,1250,1250,1200,1250,1250,1250,1250,1250,1225,1200,1250,1250,1250,1200,1175,1175,1195,1195,1200,1200,1225,1250,1300,1450,1438,1400,1440,1450,1450,1400,1375,1335,1300,1350,1390,1395,1399,1400,1400,1425,1400,1450,1500,1500,1500,1575,1625,1600,1650,1600,1600,1650,1600,1650,1650,1656,1600,1600,1581,1500,1510,1580,1565,1600,1475,1550,1550
"Atlanta, GA",9,999.5,975,1000,1000,1050,1000,950,903,959,975,950,900,950,950,926,900,895,876,896,900,821.5,810,835,799,839.5,797,795,825,830,835,855,830,845,822,810,802,795,794.5,799,825,817.5,835,840,900,975,940,995.5,1033,1005.5,1015.5,1025,1018.5,1049,1050,1025,1050,1028.5,1030,1030,1060,1089.5,1079,1085,1118,1140,1139.5,1155,1140,1130,1169,1174,1175,1174,1200,1200,1095,1165,1151.5,1169,1205,1135,1140,1115,1200,1210
"Boston, MA",10,,,,,,,,,,,,,,,,,,1650,1675,1700,1660,1650,1625,1625,1630,1650,1700,1795,1740,1710,1683,1720.5,1705,1740,1750,1790,1755,1760,1795,1800,1800,1875,1875,1895,1895,1899,1850,1835,1850,1850,1850,1875,1900,1900,1900,1895,1900,1925,1915.5,1950,1950,1950,1950,1955,1955,1995,2000,2000,2000,2000,1995,1990,1975,1990,1990,1981,1995,1950,1950,1950,1950,1935.5,1995,1950,1975
"San Francisco, CA",11,,,,,,,,,,,,,1300,1300,1350,1375,1400,1495,1573,1650,1600,1610,1695,1646,1661,1703,1636,1693,1750,1725,1660,1650,1675.5,1695,1749,1695,1725,1795,1818,1850,1875,1850,1843,2100,2100,2000,2190,2200,2077.5,2021.5,2150,2395,2386,2272,2399,2460,2424,2400,2400,2460,2500,2536,2555,2542,2560,2553,2647,2678.5,2615.5,2583.5,2605,2820,2800,2835.5,2800,2775,2700,2532,2600,2502,2529.5,2500,2498,2530,2623
"Detroit, MI",12,,,750,750,750,662.5,650,600,600,602.5,605,625,635,650,650,695,650,650,649,609,550,555,595,645,610.5,620,615,615,575,580,630,635,630,625,595,575,600,640,600,605,599,599,590,650,649,650,650,675,700,700,700,692.5,700,700,700,700,700,700,725,715,710,715,735,735,727.5,705,702.5,700,705,700,712.5,725,725,750,750,739,700,790,817.5,735,787,747.5,760,775,750
"Riverside, CA",13,,,,,,1066,1025,957.5,935,925,920,920,900,880,900,937.5,895,850,800,800,830,825,850,889,920,968,895,873,895,850,885,885,935,985,950,935,950,950,925,895,850,850,830,795,800,795,795,795,750,750,795,800,800,845,850,850,850,850,875,875,895,910,950,925,985,996.5,975,964,950,1110,1110,1120,1107,1130,1178.5,1215,1125,1190,1162,1100,1085,1089.5,1071,1100,1175
"Phoenix, AZ",14,,650,725,800,795,775,800,715,750,775,750,700,700,700,750,745,700,680,680,680,673,659,665,669,680,694,680,679,679,685,700,699,700,700,695,688,699,699,699,698,696,699,695,699,699,695,719.5,749,735,725,735,730,742,719,735,730,731.5,745,750,759,770,785,800,799,800,800,810,825,815,825,927.5,920,900,950,929,925,971,895.5,920,920,896,875,859,925,950
"Seattle, WA",15,,,,,,1025,1000,995,1005,995,900,910,945,900,900,980,995,950,995,975,975,985,960,980,978,995,995,975,975,975,1050,1055,1095,1095,1110,1050,1125,1165,1175,1195,1182,1195,1200.5,1309,1315,1298,1344,1317.5,1295,1295,1350,1440,1475,1485,1450,1490,1445,1492,1464.5,1489,1544,1530,1525,1530,1544,1572,1582.5,1585,1575,1443.5,1561,1565,1600,1660,1640,1665,1663,1585,1595,1636,1575,1558.5,1575,1600,1695
"Minneapolis-St Paul, MN",16,,,,,,,,,675,675,697,747,750,750,850,825,800,790,770,772,750,750,770,795,790,810,810,809,810,825,905,985,986,925,965,910,945,955,949.5,925,900,875,895,960,923.5,940,914,900,905,915,920,935,955,960,999,1000,999,962.5,970,965,1005,1000,999,995,1030,1035,1095,1105,1082,1150,1185,1150,1125,1200,1150,1150,1095,1108.5,1150,1217,1138.5,1150,1060,1179,1225
"San Diego, CA",17,,,,,,,,,1200,1234.5,1300,1200,1195,1150,1200,1210,1250,1280,1350,1350,1275,1200,1217.5,1250,1250,1295,1245,1240,1250,1245,1250,1293,1285,1300,1295,1225,1245,1245,1244.5,1225,1199,1100,1175,1295,1250,1175,1300,1350,1300,1295,1350,1500,1495,1475,1500,1500,1509,1550,1509,1594,1625,1560,1595,1600,1612.5,1631,1675,1695,1650,1639,1650,1650,1650,1695,1650,1600,1606,1815,1634,1733.5,1603,1627,1595,1650.5,1700
"St. Louis, MO",18,,,,,,,,,,,,,,,,,,,575,575,597,615,600,625,615.5,625,600,650,649,640,705,675,655,600,640,645,650,662.5,679.5,650,640,650,650,627.5,625,645,650,625,650,650,690,650,650,650,695,655,650,650,675,695,695,687.5,710,725,722,700,700,700,700,715,703.5,715,725,734,768.5,750,750,750,745,749.5,745,734,750,745,695
"Tampa, FL",19,,,,,,,,,,,,,725,725,725,725,700,725,725,725,723.5,735,742,750,750,762.5,750,750,753,752,760,769,764,767,759,749,764,780,775,761,750,749,750,750,795,795,800,800,795,795,799,825,825,810,820,825,825,825,825,848,850,855,895,895,895,875,895,900,895,959,953,961.5,950,960,975,985.5,995,950,975,1060,930,975,925,1050,1000
"Baltimore, MD",20,,,,,,,,,,,,,,,,,,,,,,,1195,1274.5,1175,1155,1105,1085,1135,1123,1235,1250,1194,1193.5,1140,1169,1161,1169,1205,1200,1125,1000,1068,1000,1000,1080,1199,1176,1149,1144.5,1195,1250,1250,1287,1346.5,1156,1114,1143.5,1109,1085,1115,1155,1139,1100,1145,1160,1177,1150,1145,1153,1150,1139,1175,1200,1204.5,1177,1179,1150,1170,1170,1190,1143,1150,1195,1215
"Denver, CO",21,,,,,,,,750,777.5,783,826.5,793.5,792.5,850,835,825,795,804.5,825,823,795,780,818,823.5,848,890,895,919,935,944.5,976,986.5,964,945.5,939,930,954.5,955,951,919,900,961,976,975,990,1000,1035,1025,1015,1005,1065,1105,1125,1139,1205,1200,1209,1232,1245,1250,1300,1279,1290,1304,1324,1330,1350,1350,1315,1338.5,1332,1335,1339,1322,1300,1319,1332,1300,1327.5,1335,1265,1250,1250,1290,1296.5
"Pittsburgh, PA",22,,,,,,,,,,,,,,,,,,,,595,575,559,589,605,625,650,695,665,669,625,595,595,579,595,600,625,650,750,750,750,700,739.5,720,650,650,595,625,675,699,700,749.5,799,789.5,787,795,775,810,800,792.5,775,795,800,825,850,815,799,775,775,750,800,795,905,899,875,890,890,875,865,805,805,899,850,799,880,890
"Portland, OR",23,,,,,,,,,,,,,,,,,,,,,797.5,762.5,770,830,795,820,820,830,830,830,850,860,850,850,850,826,865,905,895,912.5,930,970,975,1049.5,995,995,965,950,943,945,985,1025,1026,1095,1045,1075,1060,1095,1095,1116,1150,1150.5,1170,1150,1227.5,1295,1300,1300,1325,1425,1395,1399,1445,1406,1416,1378.5,1395,1395,1325,1345,1285,1250,1263.5,1350,1325
"Charlotte, NC",24,,,,,,,,,,,,,767.5,782,685,700,795,750,795,814,790,812.5,822.5,850,830,793,748,754,750,780,803.5,850,850,848,804.5,780,790,815,825,824,814,865,849,950,909,850,871,892,889,855,875,920,967.5,920,939,900,925,935,920,940.5,947,950,969,989,977.5,984,972,977.5,958,990,955,980,1095,1209,1099,1119.5,1120,1202.5,1090.5,1165,1190,1073,1025,1145,1100
"Sacramento, CA",25,,,,,,,,695,695,695,695,695,695,699,697,749.5,750,750,740,722.5,720,695,710,699,700,722,725,700,700,699,750,765,760,767,765,750,775,765,793,760,749,765,765,750,750,750,725,750,750,750,750,750,775,780,795,804,800,825,810,825,850,858.5,872.5,880.5,850,885,925,925,925,959,992.5,995,999,1050,1058,1095,1050,1025,1025,1018,1025,1050,997.5,1100,1165
"San Antonio, TX",26,,,,,,,,,,,,650,611,599.5,600,598,615.5,639,650,660,630,655,675,679,715,730,695,695,689,696.5,730,725,708,713,699.5,711,715,733,750,731.5,731,729,750,770,779,779,790,800,800,800,805,775,795,788.5,785,782,775,775,785,781.5,790,777,775,775,777,785,795,795,799.5,848.5,849,825,821,845,825,807.5,825,810.5,825,840,795,814,786,815,825
"Orlando, FL",27,,,,,,,,637.5,647.5,630,625,695,675,670,700,695,695,700,710,725,700,700,740,750,750,760,755,761.5,769,775,772.5,750,772,764,775,777,775,799,788.5,795,784,800,795,798,792,800,800,795,795,795,800,824,825,808.5,834,839,815,800,826.5,825,835.5,850,880,879,875,909,939,949,958.5,1019.5,1020,1020,1007.5,1019,1048,1050.5,1049,1068,1045,1075,1035,1000,1025,1075,1068.5
"Cincinnati, OH",28,,,,,,,,,,,,,,,,,,,,,,,,,,,,,,,,,,,,,,,,,,,,,,,,,,,,,,,,,,,,,,,,,,,,,,,695,682.5,695,715,745,757.5,735,700,680,735,737.5,747,740,750,755
"Cleveland, OH",29,,,,,,,,,649.5,590,604.5,625,630,648,625,687,687,634,642,650,590,545,575,550,575,550,566,567,569,575,600,600,625,635,610,600,600,635,620,625,595,605,589,550,550,550,580,575,557.5,550,559.5,575,575,550,576,575,600,630,630,650,725,750,740,750,750,695,660,695,665,655,685,657.5,675,690,705,675,650,729.5,735,680,700,635,723,695,700
"Kansas City, MO",30,,,,,,,,,,,,,,,,,,,,,699,685,745.5,689,660,678,645,625,630,600,600,635,640.5,617.5,600,604,630,631,615,643,625,645,645,650,653,651,649,674,650,675,685,695,650,682.5,689,675,675,650,675,677,714,716,750,750,761,730,759,750,734.5,750,750,730.5,789.5,785,778,765,790,798,782,816,773,790,810,813,834.5
"Las Vegas, NV",31,,,,,,,,,,,,,,,,,800,700,700,700,650,635,650,625,650,650,623,600,630,630,636,650,650,650,630,644,645,650,669,695,699,695,675,652.5,650,678,700,699,695,695,699,700,700,725,729,742,750,750,750,755,780,780,780,789,805,825,825,800,800,839,889,875,850,880,872,865,895,841.5,880,870,850,850,865,870,900
"Columbus, OH",32,,,,,,,,,,,,,,,,,,,,,,,,,,,,,,,,,,549,559.5,549,595,569,589,599,599,566,550,535,525,545,550,575,575,599,650,669,650,690,709,690,634.5,635,650,699,699,699,705,751,759,765,754.5,750,661,684,749,749,749,750,749,799,811.5,814,849,779.5,839,758,799,749,775
"Indianapolis, IN",33,,,,,,,,,,,,,,,,,,,600,642,625,577.5,609,606,600,592.5,550,550,529,549,585,625,599.5,607,579,569,599,609,601.5,598,553,550,550,605,637.5,590,580,560,550,550,570,571,585,575,630,619,615,628,627,625,639,675,714.5,710,725,725,702,750,745,798,775,772,774,790,800,803.5,799,790,779,779,787,800,785,800,800
"San Jose, CA",34,,,,,,,,,,,,,,,,,,,,,,,,,,,,,,,,2005,1890,1745,1737.5,1695,1755,1807,1822.5,1849.5,1838,1921,1904,1865,1840,1825,1950.5,1988.5,1913,1900,2002,2100,2195.5,2238,2260,2300,2300,2295,2305,2335,2375,2395,2425,2470,2507.5,2570,2589,2539.5,2502,2505,2489,2525,2505,2505,2475,2445,2450,2504,2395,2400,2330.5,2310,2395,2475.5,2475
"Austin, TX",35,,,,,,,,,1125,967,950,850,811,800,857,875,855.5,840,755,750,781,870,849,865,879,890,870,887.5,879,850,845,885,875,865,850,845,853,850,855,860,861,879,895,900,920,952,970,975,950,998.5,1050,985,975,999,995,999,999,1008,975,965.5,995,971.5,1000,980,989,1000,1027.5,1035,1040,1058,1059.5,1059,1065,1085,1075,1056,1070,1039,1038.5,1050,1019,995,975,1044,1065
"Virginia Beach, VA",36,,,,,,,,725,750,740,795,795,795,820,870,875,870,800,762,775,794,834,825,835,850,821.5,804,798,830.5,826,871,897,915,895,894,889,900,889,835,834,849,882.5,827.5,820,825,825,820,831,835.5,850,850,873,895,895,875,842,850,865,875,850,865,875,875,895,899,895,895,895,890,893.5,895,895,875,900,920,920,883,929,950,949.5,985,978,964,940,950
"Nashville, TN",37,,,,,,,,,,997.5,1000,850,899.5,900,877.5,895,995,897,875,830,754,690,692.5,688,685,705,720,733,765,785,780.5,795,765,775,780,750,771,767,764.5,760,759,779,782.5,819,850,883,850,867,895,909,943,1027.5,1097.5,976,1069,1100,1148.5,1265,1175,1050,1050,1200,1162,1200,1100,1125,1250,1285,1300,1294.5,1280.5,1305,1310.5,1325,1317,1342,1399.5,1538,1350,1405,1390,1484,1423,1450,1395
"Providence, RI",38,,,,,,,,,,,,,,,,,,,,850,800,825,800,825,850,850,877,850,850,850,975,975,950,975,900,900,920,910,925.5,950,939,925,925,900,900,900,925,900,900,900,925,950,987.5,992.5,950,975,950,950,950,1000,1000,1029.5,1050,1097,1024,1000,1000,1000,975,1000,1000,995,1000,1050,1075,1120,1100,1100,1075,1100,1050,1100,1100,1147.5,1174
"Jacksonville, FL",39,,,,,,,,709,699,650,675,725,745,750,750,750,750,750,750,750,742.5,743.5,725,712.5,715,724,724,745,739,725,700,695,700,700,750,790,799,811,811,815,815,845,850,860,860,860,860,870,870,870,875,875,885,880,880,885,890,895,895,895,895,895,895,900,925,866,850,845,850,856.5,860,895,900,915,900,900,905.5,900,900,895,900,863,881,897,900
"Memphis, TN",40,,,,,,,,,,,,962.5,850,800,840,815,772,750,678,677.5,730,710,680,675,701,655,685,675,685,673,663.5,664,693,693,699,694,706,710,710,680,675,651,630,630,630,625,600,595,698.5,695,661.5,595,598.5,625,625,605,625,650,650,700,682.5,690,750,705,685,675,685,708,738.5,727,715,738.5,778.5,815,835.5,800,769,750,769,761.5,700,755,772.5,706,695
"Oklahoma City, OK",41,,,,,,,,,,,,,,,,,,,,,,,,,,,,,,,,,,,,,,,,,,,,,,,,,,,,,,,,,,,,,,,,,,,,,,,709.5,700,677,749,750,725,680,700,695,727,675,675,672.5,650,659
"Louisville-Jefferson County, KY",42,,,,,,,,,,,,,,,,,550,595,562,584,559,597,622,599,600,600,635,670,650,650,669,679.5,691.5,695,700,684,700,715,655,655,655,655,650,650,665,650,680,650,700,750,759,799,775,795,770,749,700,700,715,700,685,695,720,740,750,735,731.5,734,720,760,725,749,755,800,795,795,795,845,800,795,750,789,800,807.5,795
"Hartford, CT",43,,,,,,,,830,850,850,850,850,850,847.5,850,862.5,840,835,800,795,800,795,775,775,795,870,864,882,895,875,900,900,900,900,895,875,897.5,900,900,875,875,875,872,838.5,832,825,900,900,897.5,875,875,865,875,875,900,900,900,875,875,900,900,950,950,930,925,925,950,975,975,950,950,950,950,975,993.5,985,985,990,995,931.5,950,975,950,950,950
"Richmond, VA",44,,,,,,,,,,,,,,,,,,,,,,,793.5,800,800,835,842.5,833,868.5,850,825,830,810.5,808,810,815,810,828,825,865,865,795,795,849,849,779.5,826,869,861,850,865,850,875,865,879,870,855,875,860,875,880,890,895,894.5,875,909,995,999.5,975,1075,950,952.5,950,950,975,975,959,979,960,940.5,947,936,925.5,948.5,975
"New Orleans, LA",45,,,,,,,,,,,,,,,,,,,,,,,,,,,,,,,,,,,,,,,,,,,,,,,,,,,,,,,,,,,,,,,,,,,1250,1250,1100,1100,1050,1100,1150,1112.5,1150,1195,1175,1100,1050,1100,1100,1096.5,1113.5,1195,1150
"Buffalo, NY",46,,,,,,,,,,,,,,,,,,,,,,,,,,,,,,,,,,,,,,,,,,,,,,,,,,,,,,,,810,825,775,775,783,785,840,905,875,894,1000,1000,950,950,950,1000,972.5,955,1050,1092.5,950,950,885,805,805,785,825,775,797.5,825
"Raleigh, NC",47,,,,,,,,,,,,655,650,650,699,699.5,699,697.5,700,725,740,745,725,752.5,730,758,775,775,759,750,780,775,760,743,765,745,743.5,754,775,811,818,815,830,846,825,780,800,825,825,825,810,820,833.5,830,837,829,819,800,827,820,825,835,839,855,870,855,895,899.5,925,1018.5,1015,1015,1010,1030,1009,1030,1048,1035,1017,1035,1046,949.5,937,1010,990
"Birmingham, AL",48,,,,,,,,,,,,,625,622,630,625,625,625,625,625,625,650,675,695,675,705,710,700,675,667,690,690,695,695,695,675,692.5,690,685,675,685,675,675,675,675,685,684,675,675,675,675,680,685,695,695,700,700,725,715,700,695,696,700,730,729.5,750,755,795,795,801,750,759.5,750,736,765,755,755,755,712.5,825,725,727.5,708,795,805
"Salt Lake City, UT",49,,,,,,,,,,,,,,,,,,,,,,650,659,699,699,729,711,739,729,729,732,799,749,749,749,749,749,750,749,739,719,725,715,699.5,695,695,695,704.5,700,700,700,700,699,699,704,715,710,700,709.5,710,720,730,750,750,750,765,770,765.5,800,826.5,835,845,850,850,850,900,800,800,825,889,882.5,822.5,870,834.5,852.5
"Rochester, NY",50,,,,,,,,,,,,,,,,,,,650,667.5,660,640,645,650,630,675,647.5,650,675,670,650,695,650,695,737,720,725,685,675,670,700,750,755,750,765,800,810,750,775,750,750,675,697.5,735,727.5,725,750,755,750,695,725,735,735,747.5,750,750,730,725,725,720,720,722.5,737.5,732.5,750,750,760,787.5,760,750,730,750,800,775,800
"Tucson, AZ",51,,,,,,,,,,,,,550,550,595,595,550,555,560,560,525,515,549.5,525,525,525,539,539,549,529,549,539,539,544.5,539,525,529,529,530,530,520,525,525,499,499,495,500,515,525,525,545,534,550,525,572,550,525,530,525,525,540.5,534,550,550,550,550,537.5,535,549,610,570,570,569,575,575,569,550,575,595,550,595,575,595,599,625
"Urban Honolulu, HI",52,,,,,,,,,,,,,,,,,,,,1400,1400,1377.5,1350,1395,1400,1450,1462.5,1500,1450,1495,1435,1450,1400,1500,1500,1500,1500,1550,1600,1580,1600,1550,1550,1500,1450,1500,1545,1522.5,1500,1475,1490,1620,1650,1522.5,1500,1500,1450,1550,1650,1700,1750,1750,1750,1750,1750,1800,1750,1650,1650,1650,1650,1687.5,1625,1675.5,1700,1750,1600,1550,1600,1562.5,1590,1510,1600,1570,1650
"Tulsa, OK",53,,,,,,,,,,,,,,,,,,,,,,,,,,,,,,,,,,,,,,,,,,,,,,,,,,,,,,,,,,,,,,,,,,,,,,,699,650,595,595,599,620,664,629.5,675,650,565,650,650,670,615
"Fresno, CA",54,,,,,,,,,,,,,,,,,,,,,,,,,,,,,,,,,,,,,,,,,,,,,,,,,,,,,,,,,,,,,,,,,,,,,628,645,650,550,525,550,550,537.5,550,575,600,600,628,600,600,645,625
"Worcester, MA",55,,,,,,,,,,,,,,,,,,,,,,,,,,,,,,,,1070,998,998,900,899,900,899,935,975,950,850,875,825,750,795,850,850,875,850,850,825,850,850,900,950,950,895,875,850,850,850,925,937.5,890,900,895,865,900,900,900,950,925,950,995,995,950,975,925,950,925,950,950,950,950
"Stamford, CT",56,,,,,,,,,,,,,,1500,1500,1500,1500,1450,1437.5,1400,1400,1395,1362.5,1400,1425,1550,1570,1535,1500,1500,1522.5,1500,1550,1600,1625,1705,1700,1686,1686,1650,1570,1700,1595,1450,1462.5,1427.5,1450,1450,1475,1450,1500,1595,1577.5,1610,1650,1550,1571.5,1522.5,1500,1600,1595,1600,1600,1600,1680,1660,1675,1695,1650,1695,1695,1675,1725,1700,1727.5,1750,1695,1600,1560,1660,1613,1552,1600,1595,1599.5
"Albuquerque, NM",57,,,,,,,,,,,,,,,,,,,,,,,,,,650,600,594,600,600,625,647.5,610,610,619,610,604,625,625,625,608,600,599,597,595,570,596,568,547,547,565,575,575,594,595,575,600,598.5,595,595,607.5,595,584,660,660,660,675,662,658,659,700,748,700,709.5,710,709.5,658,658,658,662.5,632,658,640.5,649,679
"Albany, NY",58,,,,,,,,,,,,,,,,,,,,,800,770,845,880,885,850,867.5,840,844,850,850,855,852,855,850,850,850,850,827.5,850,872.5,895,875,875,875,860,865,860,870,870,870,850,857,875,890,862,905,975,980,971.5,930,925,925,950,950,950,992.5,987.5,975,932.5,930,950,937.5,930,950,950,985,925,942.5,975,964,967,973,977.5,1024
"Omaha, NE",59,,,,,,,,,,,,,,,,,,,,539,539,540,550,539,555,596,579,580,575,575,595,599.5,600,595,595,600,605,620,615,619,613.5,650,625,655,705,674,607.5,680,685,677.5,700,695,695,660,665,662.5,657.5,600,675,702.5,742.5,785,750,725,735,730,745,750,739.5,750,755,744,750,750,754,750,750,740,735,765,750,765,695,772,780
"New Haven, CT",60,,,,,,,950,950,900,925,950,1000,1000,1000,1000,1087.5,1000,975,1000,1000,999.5,967,970,975,975,999,1000,995,1000,1000,1000,1000,995,950,950,950,950,975,995,1025,950,999.5,950,950,990,995,950,950,950,930,950,950,975,1000,950,950,950,975,950,950,950,995,1000,1000,1025,1025,1075,1000,995,1050,1000,1000,1025,1100,1115,1100,1100,1125,1100,1000,1050,975,999.5,1000,1000
"Bakersfield, CA",61,,,,,,,,,,,,,,,,,,,,,,,,,,,,,550,538.5,590,595,625,625,600,600,600,630,626.5,600,600,600,600,567,559,595,570,595,612.5,625,625,625,625,625,600,600,575,597.5,600,597.5,600,600,562.5,612.5,600,615,595,595,600,595,575,575,575,605,600,612.5,600,597.5,595,635,600,600,597.5,647.5,650
"Ventura, CA",62,,,,,,,,,,,,,,,,,,1300,1300,1315,1295,1258,1197.5,1309,1300,1300,1265,1292,1305,1284.5,1325,1325,1325,1383.5,1405,1384,1421.5,1400,1414,1364,1339,1412.5,1419.5,1350,1350,1295.5,1425,1388,1331,1350,1383,1497.5,1475,1479,1462,1475,1475,1475,1500,1500.5,1551,1550,1524.5,1580,1570,1583,1580,1570,1553.5,1566.5,1569,1591,1601,1642,1626,1650,1624,1650,1626,1640,1618,1616,1640,1689,1650
"Allentown, PA",63,,,,,,,,,,,,662.5,675,675,675,675,675,700,700,675,795,877.5,795,825,850,900,895,962.5,810,775,750,781,744.5,743,700,695,725,750,749.5,775,725,725,700,700,700,699,707.5,720,715,712.5,725,747.5,700,725,735,750,750,750,750,750,750,775,785,795,785,780,750,749.5,775,799,850,850,800,795,800,910,825,800,800,875,825,875,800,850,895
"El Paso, TX",64,,,,,,,,,,,,,,,,,,,,,,,,,,,,,,550,622,563,495,500,550,575,575,599,600,600,611.5,600,593,575,575,550,577,550,550,525,525,525,560,525,602.5,615,605,650,590,600,626,675,680.5,675,623.5,617,577.5,550,530,595,563,582.5,588,599.5,617,645,595,608,618,560,567,595,570.5,570,563
"Baton Rouge, LA",65,,,,,,,,,,,,,,,,,,,,,,,,,,,,,,,,,,,,,,,,,,,,,,,,,,,,,,,,,,,,,,,,,,,,894.5,800,799,835,925,885,929,904.5,999,900,909,880,966,966,1000,929,975,955
"Columbia, SC",66,,,,,,,,,,,,,,,,,,,,,,,,,,,,,,,,,,,,,,,,,,,,,,,,848,750,697.5,750,732.5,795,850,869,835,745,750,755,779,818,795,752.5,705,795,795,775,772.5,785,790,780,785,732.5,775,775,815,725,795,773,839,821,869.5,895,795,785
"Akron, OH",67,,,,,,,,,,,,,,,,,,,,,,,,,,,,550,550,564.5,652,629,570,627,587,579,587,605,579,600,600,612.5,587,510,525,525,550,575,550,600,600,525,525,537.5,535,500,525,505,505,505,500,500,550,550,550,525,525,525,535,560,600,607.5,580,630,575,625,600,637.5,585,615,595,565,595,575,585
"North Port-Sarasota-Bradenton, FL",68,,,,,,,,,,,,,950,900,950,850,850,850,850,884,850,800,810,850,875,899,900,900,900,925,900,900,877,865,825,795,837,875,875,878.5,888,950,825,927,1000,1000,997.5,1000,972,950,923,1000,965,950,950,1000,1000,1000,1017.5,1008,1009.5,1000,1000,986,1000,1025,1050,1084,1078,1200,1250,1217,1250,1217,1156.5,1167.5,1113,1096,1146.5,1149,1100,1194,1150,1150,1193
"Little Rock, AR",69,,,,,,,,,,,,,,,,,,,,,,,,,,,,,685,655,665,660,680,651,651,655,690,695,680,690,710,692,640,577.5,560,577,595,645,595,572.5,551.5,575,597.5,647.5,623.5,600,597.5,595,650,664,605,612,600,633,610,617,619.5,650,650,650,665,655,640,635,660,636,660,660,659.5,655,660,700,612.5,650,660
"Stockton, CA",70,,,,,,,,,,,,,,,,,,,,,,,,,,,,,,,,,,,,,575,595,575,575,550,550,575,525,595,595,575,550,571,550,560,575,562,575,595,622.5,695,625,637.5,625,650,677.5,675,665,695,650,675,695,675,695,700,725,750,787.5,812.5,812.5,807.5,750,750,845,777.5,795,795,825,797.5
"Charleston, SC",71,,,,,,,,,,,,845,845,895,900,900,850,850,900,850,875,875,823,855,890,890,878.5,900,861,890,937,913,900,900,880,900,869.5,905.5,921,967.5,1000,1000,1017,1100,1025,1000,1060,1100,1100,1100,1100,1100,1100,1100,1050,995,1077.5,1060,1069.5,1085,1112,1147.5,1112,1075,1100,1100,1118,1200,1188,1157,1200,1193,1195,1222,1177.5,1262,1214,1250,1182,1200,1216.5,1201,1169.5,1239,1280
"Wichita, KS",72,,,,,,,,,,,,,,,,,,,,,,,,,,,,,425,450,425,407.5,465,489,460,450,475,490,467.5,489.5,497,495,470,495,509,440,509,450,435,435,435,445,450,472.5,532.5,495,525,595,570,525,525,510,510,525,509.5,495,460,477,475,519,504.5,472,465,475,485,490,500,537,512.5,490,512,550,550,595,575
"Springfield, MA",73,,,,,,,,,,,,,,,,,,,725,725,755,741,837.5,812.5,832.5,791,845,835,825,783,800,800,800,795,780,750,775,750,750,775,775,775,775,775,757,725,750,775,750,750,757,775,766,750,775,800,825,800,832.5,795,775,795,850,812.5,850,850,850,825,850,850,800,825,862.5,850,850,875,850,895,900,850,875,850,875,877.5,925
"Fort Myers, FL",74,,,,,,,,,,,,,700,724.5,750,675,650,650,625,650,608,625,625,555,600,612.5,600,650,650,650,650,650,650,659.5,630,645,627.5,670,685,684.5,682,690,650,650,682,680,728,702,702,716,723,730,771,779,809,799,801,800,775,801,850,850,850,825,850,883,896,900,950,937,970,950,975,962.5,966.5,956,992.5,997,987,1069,929,950,900,962,950
"Boise City, ID",75,,,,,,,,,,,,,,,,,,,,,,,,550,575,565,550,550,550,550,550,570,575,575,591,585,585,620,600,620,590,595,580,550,525,550,550,525,525,525,550,567.5,550,595,550,575,595,595,595,595,625,625,625,595,595,625,650,650,650,650,650,675,725,682,682,650,675,667,650,675,675,650,630,715,725
"Lakeland, FL",76,,,,,,,,,,,,,,,,,,,,,,,,,,,,,,,,,,,,,,,,,,,,,,,,,,,,,,,,,,,,,,,,,,650,650,617,614.5,725,787,737.5,725,675,675,675,650,625,675,745,725,675,640,670,670
"Daytona Beach, FL",77,,,,,,,,,,,,,679,679,694,669.5,670,675,650,650,675,670,667.5,650,695,679.5,675,679,690,675,654.5,690,680,700,674,659,700,700,700,750,717,750,695,722.5,727,761,700,695,695,661.5,667.5,681.5,695,665,715,700,700,700,675,700,690,689,697,747,700,700,750,750,775,755,735,735,795,800,795,797.5,800,780,795,872.5,772.5,775,800,780,797.5
"Des Moines, IA",78,,,,,,,,,,,,,,,,,,,,,,,,,,,,,,,,,,,,,,,,,,,,,,,669,650,700,700,700,695,628,600,665.5,750,750,857.5,867.5,842.5,763.5,757,805,757,757,752.5,757,757,757,843,790,815,815,825,849,757,758,784,820,819,757,819,759.5,795,849
"Youngstown, OH",79,,,,,,,,,,,,,,,,,,,,,,,,,,,,,,,,,,,,,,,,,,,,,,,,,,,,,,,,,,,,,,,,539.5,500,499.5,494.5,485,475,495,497,505,507.5,505,502.5,505,500,510,505,470,530,494.5,507.5,450,524
"Augusta, GA",80,,,,,,,,,,,,,,,,,,,,,,,,,,,,,,,,,,,,,,,,,,,,,,585,675,695,675,693,686,710.5,675.5,652.5,684.5,717,657.5,695,687.5,625,650,650,650.5,650,650,650,685,736,715,727.5,775,784.5,770.5,736,742,700,695,650.5,685,679,724,750,695,779.5,713.5
"Scranton, PA",81,,,,,,,,,,,,,,,,,,,,,,,,,,,,,,,,,,,,,,,,,,,,,,,,537.5,537.5,550,550,537.5,550,550,550,562.5,550,562.5,575,550,550,575,610,600,600,600,530,550,575,600,600,600,600,650,600,660,700,675,625,587.5,625,650,666,675,650
"Melbourne, FL",82,,,,,,,,670,625,600,600,600,600,600,600,600,600,600,650,650,625,600,600,595,590,580,600,600,600,600,625,620,650,617,600,595,625,600,625,603,630,650,645,675,695,630,635,617.5,650,650,675,702,700,700,690,650,695,700,697.5,695,650,700,700,700,704.5,700,750,725,700,700,700,725,800,925,900,875,880,1000,900,875,850,850,750,775,750
"Spokane, WA",83,,,,,,,,,,,,,,,,,,,,,,,485,495,550,550,550,550,510,495,500,512.5,550,550,585,566,576,575,575,575,530,550,540,485,475,500,525,510,510,525,525,530,527.5,560,575,545,545,575,590,585,585,585,590,550,570,575,585,575,585,575,650,645,600,600,600,650,597.5,650,625,691,672.5,675,650,660,725
"Lancaster, PA",84,,,,,,,,,,,,,,,,,,,,,,,,,,,,,,,,,,,,,,,,,620,625,625,575,602.5,580,615.5,625,625,625,625,620,635,625,660,745,707.5,650,650,650,650,675,695,695,700,650,650,675,659,675,654,673,695,700,750,772.5,695,695,697,715,724.5,695,700,695,695
"Portland, ME",85,,,,,,,,,,,,,,,,,,,,,,,,,,,,,,,,,,,,,,,,,,,,,,,,,,,,,,,,,,,,,,,,1232.5,1075,1025,1050,1100,1050,1122.5,1055,1100,1150,1055,1162.5,1150,1100,1102.5,1100,1090,1100,1050,1105,1060,1250
"Durham, NC",86,,,,,,,,,,,,,,,,,,,,,,,625,625,662.5,675,675,670,675,686,795,785,800,816,825,820,800,799,809,818.5,796.5,795,784,840,780,752.5,769,760,785,787,799,804,815,787,755,752.5,760,750,785,820,845,865,815,839,850,850,907,915,939.5,999,1000,1005,1036,1085,1030,1070,1091.5,996,1092,1079,970,971,1007,1004,1010
"Santa Rosa, CA",87,,,,,,,,,,,,,,,,,,950,947.5,950,950,950,950,950,960.5,950,980,1050,990,999,1100,1160,1156,1155,1155,1146.5,1189,1195,1195,1204,1150,1150,1100,1000,1012.5,1150,1199,1150,1000,1000,1100,1195,1197.5,1275,1400,1323,1262.5,1300,1399,1383,1400,1426,1511,1417.5,1450,1500,1500,1500,1537.5,1600,1642,1608.5,1602,1650,1600,1705,1555,1500,1689,1669,1595,1571.5,1684,1663,1713
"Lexington, KY",88,,,,,,,,,,,,,,,,,,,,,617.5,640,635,620,615,630,655,635,650,650,635,640,645,645,595,590,640,650,654.5,652,654,612.5,575,575,614.5,668,622.5,585,625,625,637.5,695,668,730,759,728.5,715,670,680,650,630,642.5,685,719,719,719,719,719.5,640,727,735,735,736,734,722,722.5,739.5,795,750,745,775,669,726,750,717
"Lansing, MI",89,,,,,,,,,,,,,,,,,,,,550,525,535,550,550,550,540,545,535,550,555,545,549,550,550,550,550,569.5,580,570,572.5,570,559,550,549,549.5,550,550,549,550,550,550,550,569,600,600,600,600,563.5,575,550,550,575,575,571.5,600,568,570,600,595,595,595,575,600,600,615,600,627.5,650,675,575,659,620,665,625,625
"Fayetteville, AR",90,,,,,,,,,,,,,,,,,,,,,,,,,,,,,,,,,,,,,,,,,,,,,,,,,,,,,,,,,,,,,,,,,,,,,736.5,666,651,648,670,700.5,715,745,700,701,707.5,794,713.5,701,750,750,786
"Springfield, MO",91,,,,,,,,,,,,,,,,,,,,,414,404,395,410,412,450,432.5,405,420,417.5,425,447.5,450,435,435,435,439,450,435,450,450,450,450,450,425,449,450,450,449,449,450,450,475,475,462.5,450,450,450,450,475,475,475,475,475,450,450,450,450,450,475,459,450,495,490,495,480,495,450,497.5,450,495,495,485,495,500
"York, PA",92,,,,,,,,,,,,,,,,,,,,,,,,,,,,,,,,,,,,,,,,,,,,,,,,650,595,595,595,637.5,595,550,575,575,547.5,575,575,580,585,600,595,650,630,625,625,625,625,625,625,635,600,600,640,675,597.5,675,637.5,625,600,630,682.5,650,625
"Corpus Christi, TX",93,,,,,,,,,,,,,,,,,,,,,,,,,,,,,,,,,,,,,,,,,,,,,,,,,819,850,904.5,895,850,825,805,850,819,800,850,805,795.5,800,799,775,782.5,795,800,802.5,880,909,950,989,937.5,884.5,916,929,859,895,885,909,797.5,909,890,819.5,899
"Reno, NV",94,,,,,,,,,,,,575,545,545,525,507.5,495,500,525,562.5,595,567.5,575,567.5,550,575,592,589,550,575,575,575,550,550,550,595,595,595,592,560,560,600,599,595,550,595,535,550,550,550,556,580,550,550,595,595,595,600,595,599,605,625,625,600,599,600,625,650,625,650,695,650,695,675,695,675,675,700,675,695,750,695,725,675,736.5
"Asheville, NC",95,,,,,,,,,,,,,,,,,,,,,,,,,,,,,,,,,,,,,,,,,,,,,,,,700,700,700,700,700,650,650,705,675,710,710,700,750,865,885,830,850,799,812.5,895,855,910,900,890,869.5,897,899,850,899,830,850,870,895,877.5,910,852.5,850,862.5
"Santa Maria-Santa Barbara, CA",96,,,,,,,,,,,,,,,,,,,,,,,,,,,,,,,,,,,,,,,,,,,,,,,,,,,,,,,,,,,,,,,1625,1725,1712.5,1620,1800,1750,1725,1804.5,1737.5,1723,1695,1695,1695,1735,1695,1750,1695,1750,1672.5,1725,1700,1797.5,1785.5
"Salinas, CA",97,,,,,,,,,,,,,,,,,,,,1000,956.5,942,954,925,933,953,959,972,986.5,988.5,973,969,971,923,922,949,941.5,995,977,963.5,994,1009,998.5,995,997.5,968,975,995,975,995,1000,1025,1025,1000,1050,1025,1025,1027,1048.5,1061,1081,1117,1164,1200,1195,1191,1171.5,1165,1201,1221,1224.5,1310,1287,1303,1275,1300,1326,1187,1275,1317.5,1334.5,1320,1405,1450,1400
"Vallejo, CA",98,,,,,,,,,,,,,775,750,725,725,750,750,750,775,795,795,750,797.5,800,825,825,835.5,825,825,825,875,895,895,890,885,899,900,925,891,891,891,895,837.5,850,850,980,950,850,850,850,987.5,950,1000,995,985,1040,1040,1149,1100,1200,1200,1200,1121.5,1205,1266,1307,1250,1400,1494,1500,1475,1528,1450,1450,1444,1478.5,1424,1499,1498.5,1400,1508,1508,1514,1457
"Killeen, TX",99,,,,,,,,,,,,,,,,,,,,,,,,,,,,,,,,,,,,,,,,,,,,,,,,,,,,,,,,,,,,,,,,,,,,,,,495,495,460,497.5,495,500,450,500,475,499,495,490,460,450,425
"Manchester, NH",100,,,,,,,,,,,,799,829,829,800,817,829,799.5,804.5,809,809,809,809,809,819,829,829,829,799.5,800,900,900,900,900,900,900,900,900,900,900,900,879,895,875,875,860,875,875,889.5,875,895,875,875,879,900,900,879.5,895,895,900,895,899.5,914,899.5,915,909,909,895,889,892.5,877,900,925,949,959,950,950,969,900,1015,969.5,989,950,1000,1000
"Anchorage, AK",101,,,,,,,,,,,,,,,,,,,,,,,,,,,,,,,,,,1000,890,954,992,1002.5,988,991,995,993.5,1000,950,955,979,1052.5,1042.5,935,925,900,985,985,947.5,950,995,897.5,995,945,950,945,950,995,950,949,925,925,950,900,900,942.5,927,925,927,912.5,950,895,950,950,895,920,900,950,935,900
"Davenport, IL",102,,,,,,,,,,,,,,,,,,,,,,,,,,,,,,,,,,,,,,,,,,,,,,,,,,,,,,,,,,,,,,,,,,,580,600,575,650,625,600,600,600,594.5,600,600,614,600,685,602,636.5,604,625,600
"Myrtle Beach, SC",103,,,,,,,,,,,,,,,,,,,,,,,,,,,,,,,,,,,,,,,,,,,,,695,700,675,695,697.5,675,675,675,675,700,700,795,797.5,697.5,672.5,675,750,725,700,697.5,695,750,785,767.5,785,750,750,750,775,790,775,800,792.5,780,795,800,795,796,750,775,800
"Tallahassee, FL",104,,,,,,,,,,,,,,,,,,,,,,,620,627.5,650,650,622.5,650,647.5,650,705,647.5,660,680,625,649,669.5,685,684,679.5,650,595,575,534,525,550,550,550,550,560,555,560,550,550,500,550,550,595,560,599.5,550,575,597,599,597,600,600,619,550,550,625,625,625,625,650,625,625,615,587,636,625,643,645,710,650
"Eugene, OR",105,,,,,,,,,,,,,,,,562.5,575,567.5,585,550,525,535,550,555,555,595,575,565,575,560,565,550,575,590,585,575,595,595,595,590,570,597.5,595,600,590,595,610,565,595,625,625,650,625,625,625,580,595,625,625,575,595,625,645,645,680,675,650,650,625,725,695,702.5,715,725,795,757.5,695,725,682,725,795,837.5,795,700,695
"Savannah, GA",106,,,,,,,,,,,,757.5,750,750,750,750,800,775,785,812.5,765,784.5,790,792.5,799,788,789,800,812,800,827,830,829,835,822.5,810,835,839,842.5,855,850,860,862,897.5,887,850,862.5,850,835,850,895,946.5,950,913.5,859,895,898,885,895,875,895,908,940,957,950,900,895,895,895,858,850,855,865,907.5,910,884.5,872.5,897.5,900,925,870,939,995,950,1038.5
"Ann Arbor, MI",107,,,,,,,,,,,,,,,,,,,,,,,,,,,,,,,,,,,,,,,,,,,,,,,,,,,,,,,,,,,,,,,,1031,1100,1000,1000,1050,1049,1075,1050,1025,980,992.5,1045,1049,1075,980,1099.5,1095,1095,1115,975,1091.5,975
"South Bend, IN",108,,,,,,,,,,,,,,,,,,,,,,,,,,,,,,,,,,,,,,,,,,,,,,,,,,,,,,,,,,,,,,,,,,,575,539,532,542.5,550,525,565,580,580,580,535,580,594,584,580,580,587.5,610,580
"Evansville, IN",109,,,,,,,,,,,,,,,,,,,,,,,,,,,,,,,,,,,,,,,,,,,,,,,,,,,,,465,475,475,465,465,465,465,465,475,475,465,465,465,465,475,475,475,475,475,475,475,475,485,497.5,450,492.5,450,495,495,500,465,500,500
"Lincoln, NE",110,,,,,,,,,,,,,,,,,,,,,,,,,,,,,,,,,,665,677.5,695,705,700,685,715,685,682.5,700,725,715,715,700,707.5,700,677.5,694,725,717.5,730,750,715,717.5,750,750,725,730,710,722.5,750,750,775,790,767.5,735,735,745,740,747.5,767.5,800,799,729.5,720,750,750,765,795,800,762.5,745
"Fort Collins, CO",111,,,,,,,,,,,,,,,,,,,,,,,,,,,,,,,,,,,,,,,,,,,,,,,,,,,,,,,,,,,,,,,995,995,999,925,999,1095,1110,1185,1142,1120.5,1145,1166,1141,1029.5,1101,1050,1076,1125.5,1116,1103,1113.5,1109,1146.5
"Boulder, CO",112,,,,,,,,,,,,,,,,,,,,,,,,980,1010,1010,1002,1027.5,1019,1000,1016,1047.5,1050.5,975,995,999,999.5,1098,1029,1045,1070,1100,1140,1195,1135,1131,1107,1084.5,1095,1095,1110,1195,1195,1185,1200,1395,1270,1290,1425,1350,1370,1295,1275,1249,1314,1375,1442,1470,1383.5,1299.5,1299,1350,1350,1395,1365,1382.5,1400,1379,1400,1359,1350,1395,1350,1347.5,1395
"Lubbock, TX",113,,,,,,,,,,,,,,,,,,,,,,,,,,,,,,,,,,,,,,,,,,,,,,,,,,,,,,,,,,,,,550.5,635,635,635,616,596,600,558,558,575,575,575,603,600,575,576,585,604,582,569,575,516,562.5,600,559
"Duluth, MN",114,,,,,,,,,,,,,,,,,,,,,,,,,,,,,,,,,,,,,,,,,,,,,,,,,,,,,,,675,691,685,680,695,695,695,725,705,702.5,745,720,747.5,715,720,700,725,685,702.5,695,670,675,700,725,705,675,725,680,705,750,725
"Atlantic City, NJ",115,,,,,,,,,,,,,,,,,,,,,,,,,,,,,,,,,,,,,,,,,,,,,,,,,,,,,,,,,,,,,,,1250,1250,1200,1200,1065,988,950,975,1000,1000,1090,1160,1150,1125,995,988,962.5,937.5,895,974,900,900,950
"New London, CT",116,,,,,,,,,,,,750,775,800,762.5,750,800,800,850,825,825,800,795,800,795,820,862.5,850,812.5,795,825,825,800,800,820,812.5,825,823,800,810,850,800,800,835,825,800,800,850,850,850,837.5,850,872.5,875,865,825,847.5,855,850,800,845,825,828,812.5,845,875,885,950,950,950,950,900,900,875,950,900,872.5,860,912.5,895,872.5,895,880,950,850
"Gainesville, FL",117,,,,,,,,,,,,,,,,,,,,,,,,,,,,,,,,,,,,,,,,,,,,,,,,,,,,,,,,,,,,,,,,,,,,,,,,,737.5,700,655,690,675,700,725,667.5,717.5,709.5,695,725,740
"Wilmington, NC",118,,,,,,,,,,,,,,,,,,,695,707.5,644.5,607.5,675,650,650,629,675,696,657.5,635,667,689,709,688,637,669,673,713,723,695,709,750,675,750,750,700,737.5,700,750,749,749,749,707.5,700,699.5,735,747,745,749,720,775,787,770,759.5,735,735,760,768,769,750,775,800,847,850,836.5,811.5,824.5,832,850,866,848,950,980,804.5,832
"Hagerstown, MD",119,,,,,,,,,,,,,,,,,,,,,,,,,,,,,,,,,,,,,,,,,,,,,,,597.5,550,575,575,625,600,595,625,625,600,605,610,600,600,617.5,600,600,612.5,612.5,600,600,575,575,625,600,600,600,600,650,600,612.5,650,600,600,597.5,595,600,650,650
"Bremerton, WA",120,,,,,,,,,,,,,,,,,,,,,,,,,,,,,,,,,,,,,,,,,,,,,,,,,,,,,,,,,,,,,,,,,,,,,945,997.5,975,947.5,993,1007.5,993,927,1000,1040,945,928,967,1019,1014,1100,1101
"Champaign-Urbana, IL",121,,,,,,,,,,,,,,,,,,,,,,,,,,,,,,,,575,575,575,570,595,580,575,567.5,570,572.5,575,545,545,572.5,597,595,570,575,580,595,575,555,550,550,575,600,600,557.5,592.5,592.5,600,600,595,575,555,585,582.5,595,595,585,595,599,599,600,600,600,599,600,610,655,585,640,603.5,595
"Sioux Falls, SD",122,,,,,,,,,,,,,,,,,,,,,,,,,,,,,,,,,,,,,,,,,,,,,,,,,,,,,,,,,605,622.5,627.5,687.5,690,692.5,715,705,677.5,627.5,685,725,712.5,792.5,735,745,772.5,800,720,740,710,745,707.5,752.5,710,710,725,709,709.5
"Chico, CA",123,,,,,,,,,,,,,,,,,,,,,,,,,,,,,,,,,,,,,,,,,,,,,,,,,,,,,,,,,,,,,,695,635,640,695,710,725,725,725,695,660,700,720,665,695,700,722.5,750,750,750,790,765,750,765,750
"Charlottesville, VA",124,,,,,,,,,,,,,,,,,,,,,,,,775,800,800,780,795,850,805,797.5,785,800,799,830,840,865,862.5,897.5,850,875,895,850,900,950,979,897,800,795,800,850,920,920,899,887.5,895,850,785,777.5,848,844,837.5,875,875,920,895,925,895,900,900,900,900,942,900,912.5,850,914,911,905,942.5,897.5,875,900,995,985
"Tyler, TX",125,,,,,,,,,,,,,,,,,,,,,,,,,,,,,,,,,,,,,,,,,,,,,,,,,,,,,816,757,700,718.5,720,752,773,782,794,799,745,770,739.5,745,679,689,727,703.5,667.5,699,669,728,755,746.5,758.5,719.5,750.5,757,722,739,722,761,757
"Torrington, CT",126,,,,,,,,,,,,800,800,800,825,812.5,762.5,750,785,797.5,825,807.5,800,800,800,775,750,785,797.5,800,850,850,847.5,850,800,800,800,800,797.5,875,875,900,875,850,800,800,790,775,795,800,800,800,800,795,845,835,825,800,800,800,795,772.5,850,800,752.5,810,850,850,787.5,727.5,710,800,762.5,750,750,752.5,740,800,750,817.5,800,800,800,780,825
"Bloomington, IN",127,,,,,,,,,,,,,,,,,,,,,,,,,790,825,870,957.5,950,850,879,867,840,827,817,800,797.5,821,843,821,775,735,620,620,665,750,750,750,665,665,700,750,767.5,800,800,800,750,675,675,680,740,730,780,677.5,675,662.5,660,700,765,675,700,680,675,667,675,725,677.5,720,797,725,768.5,773.5,715,715,725
"Billings, MT",128,,,,,,,,,,,,,,,,,,,,,,,,,,,,,,,,,,,,,,,,,,,,,,,,,,595,595,550,557.5,525,575,575,562.5,575,585,550,550,585,600,595,585,585,575,552.5,575,585,567.5,569,590,585,600,592.5,575,550,595,632.5,550,570,595,575,600
"Missoula, MT",129,,,,,,,,,,,,,,,,,,,,,,,,,,625,635,635,635,650,650,657.5,675,695,665,615,595,613,600,645,645,635,645,635,625,625,625,625,620,617.5,645,650,650,650,650,645,645,615,685,695,695,695,650,675,695,695,695,700,715,775,750,695,735,762.5,750,767.5,695,735,695,700,695,695,685,750,720
